id	seq
Xia2019_RS0015	ATCCTCCTTCAATACATCCC
Xia2019_RS0083	ACACTACCACCATTTCCTAT
Xia2019_RS0095	ACTCCACTACTACTCACTCT
Xia2019_RS0109	ACCCTCTAACTTCCATCACA
Xia2019_RS0175	ACCACAACCCATTCCTTTCA
Xia2019_RS0237	TTTCTACCACTAATCAACCC
Xia2019_RS0247	ACCCTTTACAAACACACCCT
Xia2019_RS0255	TCCTATTCTCAACCTAACCT
Xia2019_RS0307	TATCCTTCAATCCCTCCACA
Xia2019_RS0332	ACATTACACCTCATTCTCCC
Xia2019_RS0343	TTTACTCCCTACACCTCCAA
Xia2019_RS0384	TTCTCCCTCTATCAACTCTA
Xia2019_RS0406	ACCCTTACTACTACATCATC
Xia2019_RS0451	TCCTAACAACCAACTACTCC
Xia2019_RS0468	TCTATCATTACCCTCCTCCT
Xia2019_RS0548	TATTCACCTTACAAACCCTC
Xia2019_RS0578	AAACACACACTAAACCACCC
Xia2019_RS0584	AACTCATCTCAATCCTCCCA
Xia2019_RS0639	TATCTCATCAATCCCACACT
Xia2019_RS0707	TCTATCATCTCCAAACCACA
Xia2019_RS0708	TCCAACTCATCTCTAATCTC
Xia2019_RS0730	AATACTCTCCCACCTCAACT
Xia2019_RS0763	ATAAATCATTCCCACTACCC
Xia2019_RS0793	ACCCAACACTCATAACATCC
Xia2019_RS0805	TTCCTAACAAATCACATCCC
Xia2019_RS0896	TACTACAAACCCATAATCCC
Xia2019_RS0820	TTCTTCCCTCAATCTTCATC
Xia2019_RS0994	AATCTCACCTTCCACTTCAC
Xia2019_RS0996	TTACCTCTAACCCTCCATTC
Xia2019_RS0967	TCCTCATCTTACTCCCTCTA
Xia2019_RS1040	ACTTTCCACATACTATCCCA
Xia2019_RS1047	ACCTTTCTCCATACCCAACT
Xia2019_RS1199	TCAAACTTTCCAACCACCTC
Xia2019_RS1316	ACATCCTAACTACAACCTTC
Xia2019_RS1312	TCCCAACTAACCTAACATTC
Xia2019_RS1261	ACACCATTTATCCACTCCTC
Xia2019_RS1326	ATCCTCACTACATCATCCAC
Xia2019_RS1404	TCCCTATCAATCTCCATAAC
Xia2019_RS1334	TCTCACACCACTTTCCTCAT
Xia2019_RS3505	AACTACATACTCCCTACCTC
Xia2019_RS1470	TTATCCATCCCTCTTCCTAC
Xia2019_RS1520	TCCTACAACATCCTTCCTAA
Xia2019_RS3583	ACTCCTACTCTTACACCATC
Xia2019_RS1678	ATTACACCTCAACCCACACA
Xia2019_RS3592	TCCCATACAAATCCAAACCT
Xia2019_RS3602	TTCTCTACTCATTCCCTCAA
Xia2019_RS1982	TTTACCTTACCCAACACCCA
Xia2019_RS3791	AAACTCCACATCCATCTCAT
Xia2019_RS3811	AATCTCCTCCAACACTTCTA
Xia2019_RS3918	AAATCACACCCACCCTACTT
Xia2019_RS3544	TACATCCAACTCCCTACACT
Xia2019_RS4013	ACTAAACCTACCACATACAC
Xia2019_RS4027	TCTTCCAACCATTCCTATCT
Xia2019_RS4070	TCACACACACTACCTTATTC
Xia2019_RS4098	TCTTCTTCATCCACACCTTC
Xia2019_RS4111	TACCTCAATCCCTAAACTTC
Xia2019_RS4140	TTCAATCCACATCTCCCTCA
Xia2019_RS4164	TACCAACAAACCTCCCTTAC
Xia2019_RS4194	TTATCCCACTCCTATCCTAA
Xia2019_RS4201	ACTCCTCCTTCAAATACTCC
Xia2019_RS4216	ATCACACATACTTCTCCACA
Xia2019_RS4324	AACTTATTCCCTCCATCATC
Xia2019_RS4341	ACTCTCACTTCCCTTCCAAT
Xia2019_RS4351	TCTCTAATCCACTAATACCC
Xia2019_RS4363	TTCCTCTAACCCTACTATCC
Xia2019_RS4365	ATCTAATACCCTCTTACTCC
Xia2019_RS4465	ACTCCCATTCAAATCTTCAC
Xia2019_RS4483	ACTTTCCCTACCATCCTCTA
Xia2019_RS4554	ACCTCTAATCAATCTCCCAC
